nprocs,nnodes,t_total,t_serial,t_calc,rodada,t_leitura,t_tokeniza,t_stopwords,t_tf,t_df,t_tfidf,t_stats,t_sobe
1,1,27.0257,16.8134,10.2123,1,2.1341,4.6987,2.3119,1.7237,7.2955,1.4780,7.3453,3.11
2,1,48.6343,42.7067,5.9276,1,1.7359,2.5202,1.1941,1.2777,17.4748,0.9356,23.4560,2.91
4,1,37.7543,33.7241,4.0301,1,1.6971,1.4932,1.0062,0.7553,12.5656,0.7755,19.4233,2.88
8,2,32.1765,28.7998,3.3767,1,2.9151,1.1570,0.5574,0.8886,10.7371,0.7737,15.1130,32.85
16,4,26.9760,24.9288,2.0472,1,4.5619,0.5164,0.4509,0.2873,8.0978,0.7927,12.2292,32.26
32,4,22.6459,20.6892,1.9566,1,2.4700,0.2962,0.1937,0.2105,7.0063,1.2563,11.1736,32.30
1,1,27.3415,16.9678,10.3737,2,2.2499,4.7695,2.3286,1.7551,7.3423,1.5206,7.3351,2.92
2,1,41.4548,35.5199,5.9349,2,1.6507,2.5221,1.1894,1.2566,13.0749,0.9669,20.7555,2.46
4,1,36.8734,32.8307,4.0427,2,1.6546,1.5172,1.0068,0.7373,12.1662,0.7814,18.9717,2.89
8,2,33.9278,30.6268,3.3010,2,2.6378,1.2373,0.7232,0.6270,10.8966,0.7134,17.0542,32.92
16,4,23.6653,22.0545,1.6108,2,2.1246,0.3744,0.2157,0.3154,7.6710,0.7054,12.2163,37.21
32,4,22.5013,20.4930,2.0083,2,2.1312,0.2984,0.2051,0.1988,7.1106,1.3060,11.2147,32.56
1,1,27.4197,17.2315,10.1882,3,2.2577,4.7169,2.3142,1.7133,7.3132,1.4439,7.6213,2.93
2,1,47.1613,41.0960,6.0652,3,1.7199,2.5548,1.1952,1.3908,16.3252,0.9245,23.0113,2.47
4,1,40.6943,36.5174,4.1768,3,1.6715,1.6570,1.0067,0.7312,12.6526,0.7820,22.1562,2.91
8,2,33.5798,30.2328,3.3470,3,2.7128,1.3364,0.6239,0.6664,11.2954,0.7203,16.1828,32.90
16,4,27.8955,26.2483,1.6472,3,6.4438,0.3659,0.2249,0.3350,7.7339,0.7215,12.0363,36.94
32,4,22.5112,20.4875,2.0237,3,2.1031,0.3070,0.2011,0.2088,7.1730,1.3068,11.1757,32.29
